# kmspiel standings snapshot. Regenerate with tools/kmspiel_standings.py; do not edit by hand.
# competition	kmspiel 4. Liga
# season	2026-2
# as_of	27.09.2026
# source_url	https://www.kmspiel.de/2018/km_liga.php?liga=4
# retrieved_at	2026-09-27T19:43:56Z
# unit	km
# my_team	LG Albatros Kiel
rank	team	distance	runners
1	Österreich	4.138	9
2	Münsterländer	3.713	7
3	DUV	3.690	7
4	Ruhris	3.264	10
5	72er	3.156	4
6	„Lebenshilfe - Wir bewegen uns!"	2.991	9
7	Die Ultraläufer	2.962	5
8	Wuppertal und die Bergischen	2.934	15
9	SchloßparkSchönbrunnLäuferInnen	2.854	6
10	Mölmsche Löiper	2.777	4
11	Widder	2.694	8
12	Die Raute	2.639	8
13	die 71ger	2.636	6
14	Team Walburga	2.477	6
15	Club der Kniewunder	2.456	8
16	Nordlichter	2.443	9
17	Werderaner	2.433	12
18	Teetrinker	2.356	5
19	LEIDIG24 Triathlon Team	2.347	5
20	LG Albatros Kiel	2.314	10
21	LückenLäufer Rhein-Main	2.290	10
22	Wir sind die Niedersachsen	2.155	8
23	Schalke_04	2.053	8
24	69er	1.964	7
25	Whisky-Trinker	1.963	8
26	Hannover 96-Fans	1.941	5
27	Leipzig läuft	1.858	7
28	Kriegsgegner/Friedensläufer	1.572	4
29	Waage	1.513	5
30	Frankfurt am Main	1.428	8
31	Die Trainingsplanlosen	1.368	4
32	Wechselzone Podcast	1.202	6
33	TuS Oedt	916	2
34	Laufen in Lübeck	647	4
35	Musiker	395	2
